snt_id,sdr,sdr_i,si-snr,si-snr_i
AM Contra - Heart Peripheral,4.880853721874588,4.88252124866239,4.154585838317871,4.163440704345703
avg,4.880853721874588,4.88252124866239,4.154585838317871,4.163440704345703
